1,QR-d3giniela
2,QR-ivx5f8yxu
3,QR-xp52iuo33
4,QR-sr1sw3by4
5,QR-9lb7mrz3n
6,QR-14hwiau4s
7,QR-aeyaopycs
8,QR-vrcw7ox36
9,QR-tx6mg6sna
10,QR-o94bdtniu
11,QR-45mrsufvf
12,QR-cliowixjd
13,QR-06b3viijf
14,QR-nzfiagg6i
15,QR-yexu9neab
16,QR-2x4vc5s6t
17,QR-7ige3jwfh
18,QR-2esii5mlc
19,QR-xfa2tqs79
20,QR-7rwdan91j
21,QR-kgaaibptl
22,QR-o4wtx9fd1
23,QR-7324175aa
24,QR-e32gztkyk
25,QR-zh0ks7c6l
26,QR-chboxvytr
27,QR-bs8nx1j8j
28,QR-6zooji9q8
29,QR-ff0h39tz2
30,QR-107fe7zix
31,QR-uwvrvcdb3
32,QR-es3h4f2yi
33,QR-p7fsmp599
34,QR-k7lttvct3
35,QR-zfsztxiqf
36,QR-0p8bz382w
37,QR-x2vr5teqj
38,QR-f40ap1zoi
39,QR-8xjdcn4m4
40,QR-7bm1el1oz
41,QR-3p3erfxbw
42,QR-q0odhhi5x
43,QR-ln8thngcs
44,QR-19m3b2kfm
45,QR-g5yz9efgr
46,QR-erkz8srgu
47,QR-nzxkz1xlo
48,QR-k7guf493r
49,QR-7pne2ax5m
50,QR-d9r2q2vja
51,QR-yu43hxn0f
52,QR-nzr2rurt1
53,QR-uvoposut6
54,QR-p201u09mu
55,QR-d5a18v2z5
56,QR-ogl10ytzc
57,QR-bz2xniz6f
58,QR-jugmuas7d
59,QR-rpmavddq6
60,QR-r38p1m8qg
61,QR-vckunb8mk
62,QR-ybagfx2yc
63,QR-2pggi1a75
64,QR-o0k00cz7y
65,QR-khghm1ooq
66,QR-vz13nv9n1
67,QR-mfacmcc9d
68,QR-xtpa9cy6k
69,QR-qj41h9tm7
70,QR-l1h8ebvrt
71,QR-q7ur69b61
72,QR-0a7lk7vl6
73,QR-0iwks3n6l
74,QR-p1xpq5kl5
75,QR-mwd3esl23
76,QR-xewpbn31a
77,QR-w2fae0bgu
78,QR-dwmdnn9dq
79,QR-pop9i0ple
80,QR-w36r7i3nk
81,QR-8wu69iatu
82,QR-aji9909p2
83,QR-2t4l3mna6
84,QR-c8gifwqrc
85,QR-ch78mr6wb
86,QR-gllsfjfvh
87,QR-oe9pht43r
88,QR-qyk3rryvy
89,QR-ebk0w9k5l
90,QR-gs0gfrdfk
91,QR-onp9q6p2m
92,QR-ikgpduq0d
93,QR-v90bul06n
94,QR-vlbazn0pv
95,QR-v8us7hsjm
96,QR-nvjgj6uph
97,QR-5anrcv8yq
98,QR-xj03sc08y
99,QR-i9j6e47xb
100,QR-t8a82tyga
101,QR-368j1w73p
102,QR-ma9rrb27n
103,QR-2wdupczq9
104,QR-yt9hmn5a1
105,QR-3pkhfpp2n
106,QR-1c8uwftkm
107,QR-9sjnldnw6
108,QR-ljxukwhdw
109,QR-hnoyqjlh8
110,QR-m8n1m4cto
111,QR-kpoigyqep
112,QR-o4g3riug9
113,QR-bvfc2d0b6
114,QR-ddfkg683v
115,QR-zwijp39l3
116,QR-bz7fp5gcp
117,QR-y10uq1ndc
118,QR-0yvsx06u8
119,QR-cmce2b9a0
120,QR-o27zrss1u
121,QR-hapdxlop2
122,QR-ngpv8pgh9
123,QR-8uk4f9rq8
124,QR-8urc2ihfo
125,QR-zwn2hm1d3
126,QR-vm2ekjl4i
127,QR-v30ig35ys
128,QR-oodwnw3tv
129,QR-csowdsr2r
130,QR-sj0rvikrt
131,QR-icsgb794y
132,QR-0d9lg7v4b
133,QR-4j20gvb3d
134,QR-ogk2uj9k9
135,QR-qj31wvj0v
136,QR-e4q945sl9
137,QR-tqhtkye61
138,QR-awnzrmq6g
139,QR-ibodw3gmw
140,QR-q2sgqzo3j
141,QR-rnftntwqf
142,QR-abg5ljcpq
143,QR-vwzpsub9n
144,QR-jsf7ljzs3
145,QR-0el4lun1e
146,QR-27r9onry6
147,QR-ufalsfthi
148,QR-x7jmeptr1
149,QR-iuawfleop
150,QR-83ck4vumc
151,QR-haahkqlo9
152,QR-xaxl92aso
153,QR-e2t6epdpp
154,QR-t1yvrzm1l
155,QR-of562ou42
156,QR-iozjwmfj6
157,QR-ilmzkc1lm
158,QR-h32ay9f33
159,QR-zxro521ao
160,QR-c320aqn17
161,QR-04uwmv31w
162,QR-qnq81kz81
163,QR-p0o5qv90v
164,QR-ve2wfoyn2
165,QR-zrxebadp8
166,QR-s7z1gjza9
167,QR-a8n25fj1z
168,QR-2vapib22w
169,QR-zmjknniqx
170,QR-uizino72m
171,QR-8o3yn1wzn
172,QR-khbv9mavb
173,QR-rg8l0twsk
174,QR-axdquaus9
175,QR-e3etojd4m
176,QR-fn78whqt5
177,QR-4twr1hbr2
178,QR-dbxkqvkb2
179,QR-8ppb76x2r
180,QR-m4ua5wnz7
181,QR-hbxme63ei
182,QR-68mhapxd7
183,QR-6w9pzehbp
184,QR-1ifvsohgz
185,QR-ulppl0il3
186,QR-vciz0dur5
187,QR-tk71qcetg
188,QR-36akhisxv
189,QR-h6h0l5z7g
190,QR-zos9iqlm9
191,QR-0sigs2tj6
192,QR-94ebxn1mn
193,QR-hp0euyu21
194,QR-enp17p7gv
195,QR-zf7olnqqh
196,QR-tbllniimr
197,QR-0xe9g9weu
198,QR-5vtwfsge2
199,QR-g1wh0bcjb
200,QR-v3dcbkb5g
201,QR-0ptoa4766
202,QR-tmp2881dv
203,QR-0n66u3m16
204,QR-1uui30iit
205,QR-92ao0ih1v
206,QR-h5cnfvvwu
207,QR-oje7svl7h
208,QR-cipd4a93p
209,QR-iet7qq0g6
210,QR-1vcdlthmu
211,QR-zaof2teqi
212,QR-thodih6ew
213,QR-p85lzuxl2
214,QR-v9uw1nrdb
215,QR-faxbaywu5
216,QR-hlqipo4j2
217,QR-3dkhwqc8z
218,QR-5fmwf3uz5
219,QR-yg18cnaoz
220,QR-fm9ftlyoz
221,QR-lzttfz40z
222,QR-zreoun7gj
223,QR-gsijgbls8
224,QR-6ktu3z8ru
225,QR-6yohb2i0o
226,QR-rcgj6nkna
227,QR-8zpexgqnu
228,QR-1x623cdly
229,QR-g9noxac0i
230,QR-ojl94r6jq
231,QR-ojxryulhy
232,QR-23osg4dou
233,QR-uff2p57nr
234,QR-jmnsf2txn
235,QR-trec6yvdl
236,QR-2vgvaw4ph
237,QR-qkj7osjgi
238,QR-5etmw1va2
239,QR-7d2d6v4ol
240,QR-g6nay4qub
241,QR-r5zb8woml
242,QR-raqy764dd
243,QR-n77odwai3
244,QR-n2w53aylj
245,QR-nlups9gra
246,QR-tpwqvovcf
247,QR-5q63mvztw
248,QR-mtd2h9umm
249,QR-phkui1ls1
250,QR-46yc2809p
251,QR-l7pxlm51l
252,QR-122kcy4fp
253,QR-moqralija
254,QR-tl1ri4ko1
255,QR-36lpzxxey
256,QR-3mrt8s7es
257,QR-hdpnv7nwk
258,QR-tvvpzljqa
259,QR-gdbasdm92
260,QR-u4ogssg60
261,QR-xdcubhs7j
262,QR-1zj274vsz
263,QR-fz6kh41pv
264,QR-8urzm7rsa
265,QR-9twewx5g4
266,QR-v4tr2nryl
267,QR-bldr9a9ol
268,QR-mkw0ns6y5
269,QR-y3jojgax7
270,QR-obss6gogf
271,QR-rk3ridjej
272,QR-m311pelc7
273,QR-6aw7y4p1z
274,QR-s5vlwqgcm
275,QR-xex2qwwd1
276,QR-157u323e5
277,QR-xdskpb24a
278,QR-uqimoekgd
279,QR-rlrq7nhp0
280,QR-5lqf4hmnu
281,QR-chyigp55s
282,QR-d95swmgdy
283,QR-3v96rxsta
284,QR-22dw6vj2h
285,QR-dz9hbrjw7
286,QR-18onzvijw
287,QR-tcfm5yczl
288,QR-pjnak5rcg
289,QR-pl4ce3dio
290,QR-8jq5uyvgi
291,QR-4zk0smu7z
292,QR-uextnry6u
293,QR-2x9enfkot
294,QR-u3jm9ouj0
295,QR-l2dflq8ui
296,QR-1zs9shtw3
297,QR-vyl3xsz9r
298,QR-x72b9divw
299,QR-l0fx17a5w
300,QR-ue4yghqn6
301,QR-7cqcgkwqg
302,QR-n4oy0z8ms
303,QR-rb9pjcdzf
304,QR-lu2zfqtqc
305,QR-qhg7nx6uu
306,QR-wgl0awwu7
307,QR-sm66cf7wp
308,QR-4dpkkhlye
309,QR-ptg02n2kb
310,QR-yaa090rwr
311,QR-s113fiat2
312,QR-9ft6lr3k7
313,QR-nq6y1704c
314,QR-7lk88vcbe
315,QR-ljkkvprgf
316,QR-xio3o9p54
317,QR-c3uewv6dx
318,QR-ed5s4e7q2
319,QR-mr2kz2wox
320,QR-n4eypqdxv
321,QR-ro4dv8law
322,QR-rup1ectsv
323,QR-xzc5dl16b
324,QR-cl8iztx2j
325,QR-g55j25f2u
326,QR-v02p6wdpq
327,QR-ihxpuqhy0
328,QR-fw2l90otl
329,QR-m42ebja0g
330,QR-jgycon9mj
331,QR-6bs5logpc
332,QR-c8l80e567
333,QR-wucbs067d
334,QR-y6altf1c9
335,QR-2u4dvw0md
336,QR-1hwye8bff
337,QR-bcu6gzdyp
338,QR-q11pab45c
339,QR-xmesaoyji
340,QR-7c03rzb5g
341,QR-1mfkrxfxi
342,QR-6nwehci2f
343,QR-yn7q94ved
344,QR-m05lkj6rv
345,QR-icvesq3xw
346,QR-jlwcqyttw
347,QR-8bdf1hhmj
348,QR-1lncm29m9
349,QR-16haje14q
350,QR-dac7vifgl
351,QR-rukbsfjmm
352,QR-h6dqvsjd8
353,QR-hpkg3p2wa
354,QR-pdwv8dir8
355,QR-ucm1q5n56
356,QR-7epiq37hg
357,QR-r5o7bgg56
358,QR-hod4p5h0b
359,QR-qx5yuys40
360,QR-6sbx4v7la
361,QR-ypu6mavw6
362,QR-dvoaptill
363,QR-zfzh0x4a4
364,QR-simlilubz
365,QR-wo0ulmv0g
366,QR-a2w7qdn3e
367,QR-d240rkam4
368,QR-1custth0d
369,QR-yu94wlj8p
370,QR-ytplzr6tn
371,QR-cvpvaw1o0
372,QR-raqb66f1s
373,QR-602yskpdr
374,QR-lnpstnfdr
375,QR-1i66q9zv9
376,QR-0dppcyv0d
377,QR-pp1tx73df
378,QR-6bw7n185a
379,QR-oo5valikr
380,QR-41tu33j9p
381,QR-7nx7tta92
382,QR-70sdj1yxu
383,QR-csqaxo50l
384,QR-ma7yngwwc
385,QR-43amxhujr
386,QR-j9thdsd8y
387,QR-geeo6vf8i
388,QR-v5a519bwy
389,QR-b8z8jr9ln
390,QR-4k1gblm2c
391,QR-7hu4arbff
392,QR-ohh07wfwi
393,QR-4rfaq0au2
394,QR-5e4aa58r1
395,QR-mg3ty8hp2
396,QR-78bltu9eq
397,QR-xbgfxhe16
398,QR-vu292wdt0
399,QR-lq0d7axdy
400,QR-a9xns6k00
401,QR-jucf1vhmv
402,QR-wamtvqoap
403,QR-v2uk70zvf
404,QR-rgftfcow2
405,QR-rqw9vxc5n
406,QR-iimlj6zvu
407,QR-jcjoiva4f
408,QR-wuc189fc6
409,QR-3bdsss19f
410,QR-t34quz698
411,QR-1h9z8pxmt
412,QR-kdf14fsdq
413,QR-1o0hu5eos
414,QR-qvlnzz535
415,QR-8z5dv5wme
416,QR-qisywug0v
417,QR-2fmk00ctg
418,QR-1qt7508mu
419,QR-kznovfym5
420,QR-sa9gvwxya
421,QR-qdi5p5jfo
422,QR-juijfcqx9
423,QR-okuu507xa
424,QR-7ls8m5vut
425,QR-su5grgvvn
426,QR-nm6rm70ui
427,QR-1hhuve5b3
428,QR-9p7cmgxqo
429,QR-n68jetbgc
430,QR-narnwm8ab
431,QR-y6sv355wy
432,QR-lyhvg6gk7
433,QR-vbljkxfnp
434,QR-57dbrjsd8
435,QR-v6ahwy5hj
436,QR-k5g63purb
437,QR-im7amdv7s
438,QR-2xcgeu4yi
439,QR-3swi0uut7
440,QR-rjlnm0mxi
441,QR-i3q5bdgsz
442,QR-9eez2nbzy
443,QR-j60j9susw
444,QR-n9nyxduml
445,QR-o6x1590y1
446,QR-fuifffhee
447,QR-exj92lyhi
448,QR-ivfr33bnn
449,QR-ot41whnsf
450,QR-pxcgeqfpb
451,QR-yvju9g2fq
452,QR-3k5iztun5
453,QR-mk2oa6s76
454,QR-mqhhmfmp9
455,QR-4svgq0uuo
456,QR-cid8oq83l
457,QR-i0m5p1jsh
458,QR-fk1ss79gk
459,QR-hk0exyvrb
460,QR-0vyb4eoow
461,QR-epuvisrhd
462,QR-aigpfu4ua
463,QR-f58vgk4p6
464,QR-tam6jtszj
465,QR-rgzbpsc13
466,QR-69nkamruj
467,QR-7vwjcx60v
468,QR-tlsmnomfb
469,QR-i1etchdfy
470,QR-oeiojzyun
471,QR-ne60xg0ns
472,QR-12k162m98
473,QR-j8bfm1lp8
474,QR-7it7zy74k
475,QR-a4c0jw349
476,QR-12tnuap0t
477,QR-iyi36s38u
478,QR-n4hxijgys
479,QR-svusdfpn3
480,QR-mdhklht7v
481,QR-5pznlj05k
482,QR-kiv5g7op7
483,QR-e1tnjputg
484,QR-ot7126sze
485,QR-i5znf5bfm
486,QR-vxlfrdv7k
487,QR-bzbeb6onl
488,QR-jq6ry4jpx
489,QR-vfs5yp6qa
490,QR-y8gi1m90t
491,QR-3aemq33cg
492,QR-u71n7du0p
493,QR-26nhj2fse
494,QR-qjrcqo9z2
495,QR-v5eyowcuq
496,QR-fnw2v78ym
497,QR-upp6ppm56
498,QR-5wwabktej
499,QR-2wgh2fc9v
500,QR-trnz9ptwa